Tn,Th,Tc,Tr,Dn,D,M,C,N,mu1,mu2,H,Ig,Gb,Cluster
0.5770267647336925,1.843704295843312,1.5643667421562701,0.34478807568995307,0.8902671389270455,1.2723803485882998,1.3681865404432392,0.44082121704836674,0.44082121704836674,0.49635831803690306,6.32517756480223,1.443147855749439,0.6778470937004674,0.7847232658436023,1
0.7597247798734487,1.3383157583244942,1.4484673496905756,1.8354738440587972,0.000618845186513137,0.7196900369798132,0.6211042090680402,0.0003146626469825054,0.0,0.16399544810339606,0.6188171771720028,0.7226696224800815,0.28858697201256367,2.369833912400269,1
0.7724390676471744,1.5306917746437296,0.8409084043429486,0.737732819409329,2.022655063263597,0.6704604311818646,0.9578879486492093,0.4468043482328887,0.4468043482328887,0.21545267523047743,0.5489287051810846,1.087927770243312,0.8686322942596464,0.3704851821151217,1
1.039187486424968,1.0333738405675947,0.5705725445876915,0.5198439602697261,0.000618845186513137,0.8473811938040247,0.6733502593222592,0.0003146626469825054,0.0,0.5634890707593534,1.2004676320742134,0.7976507172260934,0.19533579933677844,0.5511093004376555,1
1.2120026881713482,0.7333844149323046,0.4463771201770324,1.0136117525045774,1.0870673556588057,0.00031350772355995845,1.106309228134349,0.0003146626469825054,0.0,0.24712380951442528,0.4354744538905516,1.1951535814329295,0.1544809665916416,1.978977363969651,1
0.6991913029005057,1.0243423265415834,1.9818867332178791,0.053088890809639376,0.000618845186513137,0.00031350772355995845,1.3738672434051045,0.36604251074135663,0.36604251074135663,5.848365591783435,0.9441259657225701,1.1876380097158212,4.6095909482818564,0.9898532144126546,1
1.0361047248772515,1.09314287789791,1.6606658764818472,1.7804679671748487,0.000618845186513137,2.38145569176803,0.8496483921276812,0.0470242037998876,0.0470242037998876,0.41899375734788025,0.2167750267284355,0.8531327454639677,1.1194581487998632,0.24898726689110603,1
0.9760617953894513,0.5498004375824682,0.7901503402464916,1.386635956303968,0.000618845186513137,0.00031350772355995845,0.7549802868624352,0.0003146626469825054,0.0,0.19944901332840143,0.12994127216356,0.5520762649137503,0.0,2.322071147335257,1
0.942430643656906,1.5263107252670807,0.4617947461879224,1.2785001420335576,0.007021853692240753,1.255520549993357,0.8382901038191654,0.0003146626469825054,0.0,0.3668508738039805,1.6684255029927446,0.9450486176471962,0.4486246561529811,1.0979968447989827,1
1.177628312677913,0.6098787132398832,0.501930652135378,1.721350617926002,0.000618845186513137,0.616099180049794,0.5152068389168811,0.32188619982891226,0.32188619982891226,1.2251642034905859,1.8309525816000016,0.8679870154018424,0.17916266518946486,1.9616370511963066,1
0.8344239271292822,0.7141763428011252,2.3776924319138453,1.1366705671060784,0.000618845186513137,0.31944164324339697,1.076057137137694,0.0003146626469825054,0.0,0.22419838903257688,0.06349821459420443,0.7932942203428797,0.725945682799152,0.22703438331406586,1
1.0755481527080464,1.4531849444849352,1.80048915622293,0.8185660265312098,1.075542472307109,2.3764674155819883,0.9074592204897922,0.0003146626469825054,0.0,0.6113253867321844,2.658419481944492,1.455505269434363,0.08137969329468334,1.5613369209210128,1
1.3844171557246234,0.39051823122558454,0.6319216248493302,1.6294112440344155,0.000618845186513137,0.44898635833922335,0.43265142524062344,0.0003146626469825054,0.0,0.04848727362990114,0.12871997474276456,0.6800884244597142,0.0,2.6405012721447596,1
1.0836262096530556,0.47911617291053277,1.0034465591811397,1.7455238367743944,0.000618845186513137,0.00031350772355995845,0.8855055930867033,0.24575112288979323,0.24575112288979323,0.23824527953082195,0.02158466092933308,0.861214139316248,0.2651107547977302,0.27621621922311484,1
0.9471389050142279,1.378226346420943,0.028428884980401716,1.720221486141185,0.000618845186513137,2.236156539836116,0.7077108720211407,0.0003146626469825054,0.0,0.3770694074934677,0.7690154453160712,0.9204784930624526,0.5313741401462059,0.4862451963848585,1
1.7923864055873007,1.0551692677649671,7.304134645813309e-05,0.5640990300474036,0.7026868288766424,1.0503315415292298,0.5224170209794012,0.0003146626469825054,0.0,0.21960833463549495,3.4744481100301967,0.7135098758559602,0.33929518445503454,0.660160600211947,1
0.6623646796148596,1.2757323406806411,1.1126282197191901,0.7585237822154265,2.533434808050837,1.085232407075796,1.305396293738152,0.0003146626469825054,0.0,0.5091827173305701,0.24767839430608032,1.5949704685190014,0.22364244008916895,3.372863302922288,1
1.0875854877087305,1.3660531982852142,1.6636519281118207,0.9345781649626603,0.000618845186513137,1.6831764357014962,1.1087477579843066,0.0003146626469825054,0.0,0.33440769139908005,1.6800026522340648,0.8938785456568376,0.5083900684815966,0.2636981399100863,1
1.1438379974147876,1.528988706077023,0.3388684204041615,1.6144655356412436,0.000618845186513137,4.803610884344379,0.7503122861863025,0.0003146626469825054,0.0,0.6805124007337437,1.8913001840605392,1.5941967177464669,0.2307683390576526,1.9459597451497326,1
0.8883851370158069,1.2943031622652963,2.0509224210784893,0.4751834281951286,1.0831799794341848,0.00031350772355995845,1.2948093722046585,0.3397354723218651,0.3397354723218651,0.3012890452052915,0.3121103989581925,0.8958015773760288,8.936320072643188,0.22358836464923357,1
0.6783325276096693,1.7414127657733176,2.5203072933160504,1.002166911855837,1.27230208286474,0.00031350772355995845,0.8894043359628118,0.0003146626469825054,0.0,0.2626782689776517,0.6731132331124177,1.224081144438141,0.4416159070536479,0.5300985906230273,1
1.100367533505387,0.8049391044604182,0.5835699068654988,1.4915175671732912,0.000618845186513137,0.00031350772355995845,0.8220557736204076,0.30232077668536256,0.30232077668536256,1.0196618100270762,1.502776533224791,0.6464371196132352,0.4718533540690688,1.2775838796280996,1
0.7389862114209591,1.4853177388515093,1.5115652155879435,0.5662907089604269,0.000618845186513137,0.00031350772355995845,1.1590701296176222,0.0003146626469825054,0.0,1.6934002087694653,0.9549045427685571,2.488826879810803,2.7872581092317845,0.5078810908495119,1
0.857045216191412,0.4558921330167336,1.5401647954742799,0.2591834587140396,0.000618845186513137,0.6421025347072004,1.1766640609809353,0.34415906632919696,0.34415906632919696,0.4054259815387173,0.2185873964480338,0.7020772272350272,0.36733350557065275,1.2369281719900547,1
1.097758320092986,1.5089711629824611,0.3237970815332419,0.7542178083935606,0.000618845186513137,1.967223416276147,0.33271204700102935,0.0003146626469825054,0.0,0.34049903122836644,1.285539578573965,1.452985061699096,0.0,1.0246433362761305,1
1.2733822300753028,0.8840742693261651,0.6218630152206951,1.156933720289746,2.2695833359787603,1.7059059253201798,0.5062833118116954,0.2527663129159116,0.2527663129159116,0.7872386766827469,1.9081920983696783,1.21141890138647,0.6686490942984981,0.31802049061324494,1
1.0537801860335112,1.4864790831964085,2.64133054670016,0.8465011086770458,0.27259651703151944,1.8311456134406803,1.3228356876661131,0.26301138024829224,0.26301138024829224,1.2004233285074195,0.08172139625252112,1.033024828614539,5.02914092308314,0.1909330699733951,1
1.2347056662362867,0.8202529415938206,0.02584742799504973,1.9904725101834064,4.045924716044802,3.1686462772179276,0.7965237383045132,0.24215925447528536,0.24215925447528536,0.2628860814759525,0.4700100043556302,0.6595650659640575,0.2589168307583388,0.8420807883022473,1
0.8855004195256923,1.508335954344673,1.3863976087630514,1.7403219472669114,0.000618845186513137,0.00031350772355995845,0.6633986481680395,0.0003146626469825054,0.0,0.4018523559424973,4.735879664031045,0.8716652777723912,0.2438681386127257,1.1495729184392434,1
0.5658553302612476,0.7786138952540334,1.5501757712620732,1.7440199200846016,2.6574169834377597,3.17124578624497,0.8991300392169057,0.0003146626469825054,0.0,0.6703480843202847,0.41400850700657654,0.9895661808948725,0.11269240972253,0.5111889131142582,1
0.7547738706598955,0.9910200794978467,2.8105292351852302,1.045631252046032,0.000618845186513137,0.00031350772355995845,1.3582288820324486,0.0003146626469825054,0.0,0.46582022160605285,0.10109972622300595,0.6481423467976787,1.1463062228687182,0.2669601134156767,1
0.8844894424040886,1.2299007073065553,1.0481841327417154,0.43080277355168434,0.000618845186513137,0.7810808678825031,1.2966489806635166,0.10711707556834536,0.10711707556834536,0.7595204752601048,3.2391986235130643,0.8416775732142523,1.3519102388010789,0.31567119177912845,1
1.256551582564437,1.2888603320137382,1.0322603448499972,0.9714071097961301,0.000618845186513137,2.386321888585499,0.7126748902619023,0.0003146626469825054,0.0,1.196882065192186,1.6828797875556756,0.6712821304308665,0.6956661892070286,0.7551908809120388,1
0.6606274309323004,0.82932089493974,1.3659123783206468,1.9077549867116266,0.5162371081985053,0.00031350772355995845,0.9020341344671569,0.46527332300652735,0.46527332300652735,0.41848014875318834,0.7929926907893894,0.8343576908182757,1.2345147650537278,2.1673493544817104,1
0.6762525028330535,0.873393849821188,2.6278674987489885,1.7078898764240569,0.000618845186513137,0.00031350772355995845,1.4221814627993858,0.0003146626469825054,0.0,0.8039351006395717,1.032885726146877,0.6329996791887453,6.274130307279232,0.546921306794783,1
1.169886974879187,0.9991776332485531,1.9674067781082396,3.017924136002103,1.4574649956579127,0.00031350772355995845,0.3739841833943263,0.0003146626469825054,0.0,0.2867128652381734,0.8106992351086626,0.9028464255609945,0.19266588166411394,1.7417816540378606,1
0.8966681545450064,1.9789864669782427,0.976055363610505,0.4687669630082185,0.3247940693392192,0.3043134133817898,1.2627265717066922,0.22320210336995758,0.22320210336995758,1.3345482914943088,1.4136640138891874,1.0283805484645439,1.282259966049332,1.1206719093498745,1
0.7325054477688906,1.5929365388066283,0.8971757951225949,0.7910713857011525,0.000618845186513137,0.44383944185524293,0.9550735857004005,0.0003146626469825054,0.0,0.475321116927397,0.4593841459260009,1.0893616395099706,0.0,1.4168160733706068,1
1.2765499557299227,0.49358153278966144,1.6340638623130017,0.8784997566480351,0.000618845186513137,2.9543606939347247,0.3942436345035911,0.0003146626469825054,0.0,0.17933458533203958,0.4002455979524349,0.8625883927733232,0.0,1.1442706063863362,1
1.2620298488217843,1.9941939498366006,1.5879470002432634,1.7911746033647484,1.2694380176920863,0.1952988728341833,0.21777958038255524,0.0003146626469825054,0.0,0.5465840220838116,4.096645080016566,1.5535051500326265,0.8083404287405352,0.5795414193988878,1
0.9453383122640909,0.7127276493907816,0.4917564320775639,2.0021723920279038,0.000618845186513137,0.500269394811343,1.217870869581301,0.0003146626469825054,0.0,0.20573386517864148,1.8931682205857836,1.2884224923103949,0.18362468066527,0.9764807645047296,1
1.1628081547324634,1.2604790257221874,0.8312363278454695,0.9544322787070265,0.000618845186513137,0.00031350772355995845,0.5451825120622049,0.45829391887647664,0.45829391887647664,1.2443482149485923,6.94493651928916,0.8260700186911187,1.6698055937925955,0.5633213841228556,1
0.9094226539234976,0.669803799069864,0.24086131151036028,1.3284248692854757,0.000618845186513137,1.300602960641279,1.0490331945692095,0.3233883718261538,0.3233883718261538,0.22703686516059718,0.1774839384555493,1.0139398030025515,0.19914308943015235,3.17061106090218,1
0.5580359049861437,0.6490326983071492,0.5487850853030753,1.0045778605408,11.20262317855093,0.00031350772355995845,1.0276668433474478,0.0003146626469825054,0.0,0.28785136941226785,0.9574284968956052,1.4481584885349292,0.09220643620242507,0.17114279473239183,1
0.9531538023365996,0.5724399898514931,0.3150042010023418,1.9140181781395245,0.000618845186513137,1.7550509109818553,0.6061222340704546,0.16636423103918715,0.16636423103918715,1.284018008361831,1.581892762690042,0.7367833753718154,0.6121607207276547,0.17243635240525265,1
1.4264064565271566,0.7680386048788592,0.6602218607877037,1.2314713832213022,3.80760849863582,0.00031350772355995845,1.1456242036362834,0.0003146626469825054,0.0,0.2362237539842986,1.5293102546308686,0.7560837636011523,0.47132330999620664,0.4583187069733126,1
0.7604061357210988,0.8403695230961254,1.3962452984233182,1.4952102195576915,4.741909043716571,1.4786514527653218,1.0326447120522733,0.0003146626469825054,0.0,0.33022468118917003,0.3708350973608032,1.3319222071326258,0.42379717825167496,0.49233356574799336,1
1.177981505271373,0.7645046209224433,1.3295780547044351,1.1785353133678418,1.0334113501536644,0.35420111590833436,0.9334537861158743,0.28146269113603556,0.28146269113603556,0.5531698636228403,0.22265265416371452,0.5700848915327752,1.1257286059763425,0.6519256025615466,1
0.7580282759521358,1.23329158263067,1.123597188226976,0.9942731774258634,0.000618845186513137,1.8220417623678482,0.8736420035380921,0.0003146626469825054,0.0,1.66942744541778,2.3357374752647417,1.2112509590212408,2.2996459584769307,2.3574796250096495,1
1.0446182799940513,0.9292885228427447,0.012577908218863622,0.6880062839574689,0.000618845186513137,1.370395529044496,1.026940140995103,0.2565232388113813,0.2565232388113813,1.4620914005272816,1.0648141710865457,0.5453052197929863,0.09383404402035526,3.2947726712977063,1
1.1204234694362047,0.6703617418810641,0.24467459301428898,1.5480892588943203,0.9114953020198229,0.00031350772355995845,1.0491335955333052,0.0003146626469825054,0.0,0.31071935029782727,1.1227991348667223,1.2403961244691808,0.6415839896647978,0.950619095305809,1
0.9221167687969161,0.35592391004318297,0.3646286382872654,0.44325774940069695,8.049644545008485,1.3041851232465513,1.4902866611849235,0.0003146626469825054,0.0,0.43231367658947506,2.8002992243588642,1.3529529760437322,0.10098457786250326,3.155682354888443,1
1.369031471083666,0.46405811109948414,0.7486290136653715,0.7896193375758938,0.000618845186513137,4.497660763018962,0.5173812884192467,0.0003146626469825054,0.0,0.18187618416497262,0.16937111387843418,1.1631944811393153,0.032933293291804944,2.0251400518127,1
1.1596310172338486,1.4513659305061473,0.13118403718277524,0.6040011250691371,0.000618845186513137,2.7974953527607798,0.628112896908402,0.0003146626469825054,0.0,0.27483825898719,1.0052398028290657,0.9153243311844063,0.08283994618948878,2.6344778791370964,1
0.9901728225734509,1.3788463982618815,1.3138716328368756,0.9380456158580075,0.000618845186513137,0.00031350772355995845,1.0653136242105894,0.40290403373842193,0.40290403373842193,0.9615147784215609,1.2804565513992354,0.6426835704496338,3.6411655562856393,0.17991613463391193,1
0.9896706000494571,1.1478433843501354,3.8005291545572106,1.8200171929487294,2.023270007420281,0.14894626183923032,0.7618415986129821,0.0003146626469825054,0.0,0.3490424161238926,1.0097959100607707,0.7673310781405667,1.1008360283297973,0.8530781927946887,1
1.058843692818089,0.9126372821591607,0.12251610130469895,1.2714472171844098,0.000618845186513137,0.9435826108085303,0.787832611074665,0.0003146626469825054,0.0,0.9826704971950226,8.40968536970101,0.6514308066210245,0.6521683507537559,0.2697239732818065,1
0.891748164780414,0.45166279162517875,2.74239534634397,1.2863081156069378,0.000618845186513137,0.00031350772355995845,1.0938977039575821,0.3068998995558577,0.3068998995558577,0.1710487935499858,0.4145250846154019,0.9304869329719826,0.9873245265242154,0.6674723413070784,1
1.3870823541944037,1.1134041782234054,7.304134645813309e-05,0.7554744720963267,0.000618845186513137,0.9772439979683682,0.6359159806138203,0.0003146626469825054,0.0,0.7360721711275074,0.3856585117264478,0.7042708867797878,0.20023939606896954,2.5243982418542776,1
0.8786605586628137,0.9477012540189981,2.3457823210177398,1.1132117805677877,0.000618845186513137,1.982800887434466,0.44979072578053536,0.0003146626469825054,0.0,0.36711166632643594,0.8598829784094661,1.472861080151602,0.6617665886189602,0.684214890649408,1
1.0248389942460348,1.1226709434719566,0.33922849959207335,1.1043315472454307,0.000618845186513137,1.1145559792032593,0.9711842382697027,0.10018258639668064,0.10018258639668064,0.45817133571449237,2.19842187190307,0.8163918422362341,1.250056489302229,0.90447765514781,1
1.28945660781262,1.821430630283761,0.5535585779747688,0.7077234701250986,0.4657269286113956,0.01444390268737229,0.7449942214753655,0.0003146626469825054,0.0,0.19519577098174795,0.15177923771803611,1.4130541438503494,0.15712471189067886,2.622912637960044,1
0.8568698330976942,1.0473926408400844,2.074413648252064,2.628713249724942,0.000618845186513137,1.4048193957337256,0.840494193589711,0.0003146626469825054,0.0,0.5672251795796803,1.1397322458860604,0.7728833522778872,0.5283717009579171,0.13307876953359754,1
0.7554370883064604,0.8999260035610006,1.912151752947754,1.404279169655045,2.467503857549601,1.8517401963091846,0.9678664904972095,0.0003146626469825054,0.0,0.5057355197726692,0.5158216365705559,1.5601962030123222,0.3450833202418395,0.5568545305430792,1
0.837774627010368,0.4989046721851132,1.7249299134009901,1.2262547549816012,0.000618845186513137,0.00031350772355995845,0.9128774798520535,0.0003146626469825054,0.0,0.2842151376623024,0.923352549124676,0.6925060001037288,0.150563142007883,1.9235569713468053,1
0.7508041180741799,1.774653359803696,1.4544822522495213,0.402898595199209,0.5440117313029957,0.7459892027930027,1.2445257094320152,0.1255811789085487,0.1255811789085487,4.361228402012755,0.6664664354350113,1.4596478741284415,2.4817014853653006,1.0761663611905679,1
0.6878592940276105,0.25987455332079584,7.304134645813309e-05,0.47117390438810836,3.970975116537479,5.188544470700037,1.6647190296567826,0.0003146626469825054,0.0,0.361595546096286,0.8214269925908914,0.669655293905665,0.0,0.5630240627534288,1
1.1086545152525005,0.6757594751196713,1.7455226967028357,1.0964308622919685,0.8720397543704748,0.00031350772355995845,0.6659479037901269,0.0003146626469825054,0.0,0.20261215900117724,1.4251331434829957,0.8760876242524055,0.2140164762545627,2.437104639634744,1
1.0340477962942993,0.9032067208257957,0.753809675218252,1.0829574196705545,2.7694183869416023,1.5134783879805154,0.8100280232918331,0.0003146626469825054,0.0,1.869644591304643,1.0232652979314028,0.8406862352533181,0.6379139924163045,0.8342925442156534,1
1.1441576990766695,1.834142247255369,0.13593766846828287,7.901409437995096e-05,5.224037852244093,0.00031350772355995845,1.116723736377017,0.0003146626469825054,0.0,0.49649052134631827,0.5759288814978661,1.8628922040064142,0.43244396117289635,2.239956542875066,1
0.9442056992996961,0.6816843708537826,0.6726457961739335,1.1989451520292997,0.5430272532297806,1.5915668737987714,1.2496903920591207,0.033240128912795965,0.033240128912795965,0.6901712284232872,0.7032407309309667,0.6271899395959931,0.2162932706293867,0.6344659903258264,1
0.9704680662983601,1.1932698446906584,0.274074341897512,1.9541630886805204,0.000618845186513137,1.4902632757963405,0.4584153652812034,0.0003146626469825054,0.0,0.44725732711817745,1.4927628978188376,1.0740646769267923,0.044682762451689194,1.538782378527863,1
1.0669381905680413,1.7769176732397312,0.29582272720108593,1.3886294660570753,0.000618845186513137,1.6577564389686739,0.9297333479064014,0.0003146626469825054,0.0,6.120827415946662,1.518780540325761,0.7482621776902016,0.588800608787095,2.7585288658966443,1
0.9294682350124641,1.0420952178266623,1.9928349822606235,1.2812482929883473,0.000618845186513137,3.3961232594092494,1.830021008084509,0.003146626469825054,0.003146626469825054,0.47812639177213334,0.19531018825679966,0.6627736134810334,4.62928770494577,0.2750373733623336,1
0.40443606901554324,1.9530157097924072,1.8799257016029003,0.8513660675964018,0.000618845186513137,0.19887528630068543,1.5084320069851385,0.0003146626469825054,0.0,1.2763680354063862,0.023243448253569776,0.9615697227417525,2.6790238550227046,0.6789961074113834,1
0.9555192000261928,0.9318898328966452,1.2209868570625515,0.6466059096412149,1.8842250692658142,0.00031350772355995845,1.233564311879234,0.11148816571056604,0.11148816571056604,1.0966842800628176,1.0053616428698073,0.8824879025580501,1.0258595940916304,0.2785430597091492,1
0.9311255029691018,1.2492244564846677,2.4626349135190897,0.6871666290238674,1.632812030803576,0.00031350772355995845,0.6736837478709308,0.0003146626469825054,0.0,0.4970868756346641,0.5124304193051443,1.4712284071198034,3.8891598272831835,0.25489797930887403,1
0.9403811973992565,0.7662318656885898,1.8157732986499486,1.3761622871717099,1.6825037034047416,0.00031350772355995845,1.3815534898956263,0.04828367308951186,0.04828367308951186,0.08825317637499161,0.19795240332066963,1.0149243219445032,5.220215686951768,1.310624872960611,1
0.9788933839722357,0.9654094401455011,1.1278842332791197,0.7065395620896435,0.0018276902509465848,0.00036798744307344963,1.0705009996315091,0.2547761546156718,0.2547761546156718,0.695082815395522,0.6004872979350027,0.9368247676589087,1.256542310279594,0.9243242930154011,2
1.0867873782066786,0.6262926233857564,1.2459563504595028,0.5347804624615515,0.0018276902509465848,0.00036798744307344963,1.5596748032805177,0.0002967233074512585,0.0,0.5132386755022929,0.26200043418306446,1.779209768129083,0.2408546016459592,0.3455390803891633,2
0.4309984328876317,1.2997307510971428,2.077572000932214,1.4539767048047818,6.169693132028819,0.00036798744307344963,0.9627909963712621,0.0002967233074512585,0.0,0.20635066979166788,0.5343338609358759,1.163350868890346,0.379848891077892,0.08534820879646514,2
1.1605347264725376,1.4964483292383663,1.3556702042854407,1.6498421884807541,11.765920430221877,0.00036798744307344963,1.2623608994648725,0.0002967233074512585,0.0,0.21863292589210473,0.07831302821587612,1.5059974899023625,1.1550960248432292,0.5329470755116981,2
0.8884146835792012,0.7644449438092872,1.0599262307842594,1.1261414310004234,0.0018276902509465848,0.00036798744307344963,1.3879733431446994,0.21901816077786526,0.21901816077786526,0.19822631071005536,0.6356428141016454,0.5779990532428098,2.184069613528082,0.17167373238895586,2
0.35721222074767184,1.5890516177545089,3.548030991919528,1.3479195565550508,11.198762484372551,1.4962882930738317,0.8726488912569605,0.19737519045112004,0.19737519045112004,0.33786916881200113,1.063024396929475,1.7551998568355625,2.450449313670308,0.868200896575631,2
0.7800084831716068,1.155331055589995,2.2457834935130725,0.6891189926508571,3.432738502492904,0.30856327024613317,1.4545808227403594,0.0002967233074512585,0.0,0.2653061015041223,0.1290695620530952,0.8818712033052585,4.234899120580257,0.33853626199115144,2
1.2301701377209528,1.315466644163851,1.5210231180277882,0.5106607028939774,2.046088762065069,2.7822012227178874,1.291952772607637,0.0002967233074512585,0.0,0.7578172487010769,0.17895086060409143,0.6035944492298931,0.9384932374318653,0.5565627706628165,2
1.0971768341964634,0.9476637693312443,0.585845798080513,0.6198057474132264,0.0018276902509465848,3.3794388327159948,0.7843506077601821,0.37498513323445537,0.37498513323445537,1.1225384546865045,0.11196519536848401,0.7848104463412111,0.1441116389195088,1.4544565636477835,2
0.5840691961642848,1.9698338647419738,2.148839418230327,0.09780499919437145,0.0018276902509465848,0.29793634118091805,0.3176815751463201,0.376499552505725,0.376499552505725,0.10283700996012296,0.8924297746349449,1.0935180213956222,0.15504470268224407,0.8697205416066096,2
1.6171290194780765,0.6892234275980061,1.1430377997039698,0.9389510971901294,0.0018276902509465848,0.7571055897405073,0.37975102926136567,0.20045766477686947,0.20045766477686947,0.08271983554058149,1.983334751621353,0.4452698423252705,0.0,0.172977937836035,2
1.1025002100386054,1.3104550663408687,0.927386212374612,1.1976548849223123,2.217041167439854,1.5604841770003715,0.6454795066548187,0.4461646744802712,0.4461646744802712,0.3463718763732427,0.7647201855081475,1.0150600228790083,0.057242163723026505,1.3911391523512984,2
1.1984373727840514,1.0012800538806892,1.8040883921759097,2.0241938061445075,0.4677965341895559,2.349153810590108,0.23777249903149916,0.0002967233074512585,0.0,0.31361572011264505,0.4791191869978187,1.1457434575088599,0.9322818711301274,0.5410804569361788,2
1.7924261752765625,0.26273953194972954,0.8014069791692021,0.1209932309817274,0.0018276902509465848,0.6482042926258923,0.9243743835848461,0.0002967233074512585,0.0,0.7885753826306039,0.13756276999031036,0.6147435192676249,0.31483635645716435,0.7629206572443796,2
0.4926658270940354,1.5422480752386034,1.0460461458897228,0.7994204730278691,0.0018276902509465848,1.056968540250892,0.7461770572178409,0.4773379916708922,0.4773379916708922,0.6401917807171105,0.07764607884987235,1.150997517227423,0.5223580001630873,0.3366713591905241,2
1.2298317825481777,1.3304278135819834,0.31137211995842606,0.5519807377340337,12.920787101527305,1.447621901007104,1.081795781623044,0.0002967233074512585,0.0,0.18013546880782214,0.223253849970873,0.5208381097204364,0.0,3.0095713703374867,2
1.0511736115256516,0.6144822534794745,0.5023926319776971,0.6144987366768061,0.0018276902509465848,1.1791341503601191,0.6204667098953247,0.0002967233074512585,0.0,0.1065583738040389,0.7710039320051494,0.76403481749344,0.056172213717415924,1.2907332043276996,2
0.9131689505734691,0.7688779658012798,2.022148606252959,0.8939107547900291,0.0018276902509465848,0.03059240938277583,1.5162720113556833,0.01924305352208388,0.01924305352208388,2.3216471457594103,1.272231368263115,1.5638731783751063,0.9429426422576458,0.6767659436365964,2
1.0059415991806677,0.9002638798732288,1.1402708625208147,1.182069960874397,0.0018276902509465848,0.5537805072222228,1.6043665396004478,0.0002967233074512585,0.0,0.7179337280025195,1.778828555625299,0.9277122840317441,6.509689358659238,0.39140405702347475,2
0.5129003987424964,2.0379379336844115,2.962358794712664,0.9071129875526706,0.0018276902509465848,1.8868946273545109,0.7771788381658357,0.0002967233074512585,0.0,0.5821937812597114,2.444166737547182,1.1850015444226998,4.105430610634504,0.22802081425716889,2
0.7329642510275479,1.2398147299050302,1.2930510513846374,0.9689803607051418,0.0018276902509465848,1.5607937503908769,0.7519000574021346,0.0002967233074512585,0.0,0.18601838677165944,3.043077619821813,0.8845039205223328,0.8434693693639533,0.6431321566178664,2
0.9007748531751278,0.4183807026337798,0.7986962684203612,1.4495213545627152,0.0018276902509465848,0.08059083164100701,0.8638101689632445,0.42195450872361184,0.42195450872361184,0.2513729522907683,0.6865747561919135,0.5250437402497226,0.38613898249364775,0.15744024793542008,2
0.951028662999712,0.6946946106172326,0.4120759739401398,1.4027374360040596,0.0018276902509465848,2.1006607472869674,0.9300011111219719,0.0002967233074512585,0.0,0.23450578906876177,0.2171544339212277,0.6778237682971358,0.04576184116778572,2.2350558141948964,2
0.5925365562511222,0.8027910559029107,0.599139241790879,0.47219330307920815,0.0018276902509465848,0.00036798744307344963,1.2753717333940247,0.3485218948144234,0.3485218948144234,4.178551969268784,0.2576920999246019,1.0556791685875382,1.5436833008112232,0.8707221705403642,2
0.8867436647722919,0.37969514473557775,0.5649632722529669,0.9046689971609151,0.0018276902509465848,1.1139106430467045,0.9254974808276759,0.0002967233074512585,0.0,0.1956154284089721,0.173713982185642,0.7149405006833518,0.1304052461997045,0.12058554281190008,2
0.9837975060707458,0.6515928100638473,0.531120995252965,1.2742126781668257,0.0018276902509465848,0.00036798744307344963,1.0110602147249013,0.33198226831238414,0.33198226831238414,0.23783257650823755,0.680020512991142,0.47374237788326823,0.11382732262120157,0.10532239256539659,2
1.0923722380687686,0.6091196705542504,0.9382689200926977,0.8242673496389935,6.655746668375538,3.170116187518781,1.0713087062519593,0.0002967233074512585,0.0,0.3389936023173006,0.38545783930312555,0.6555027028964636,0.03293753898197661,0.353202208301665,2
1.2239450698344208,0.9435794513264667,0.5352885813270717,0.6143296295954842,0.0018276902509465848,2.1451126814454877,1.4713476197977158,0.06795751748703378,0.06795751748703378,0.803108861016865,1.0253431478169746,0.947207955072888,0.34007735010665596,1.0141764132341962,2
0.4135895611452435,1.1937035364919983,2.8344496328409146,1.3658694879078754,0.0018276902509465848,0.00036798744307344963,1.482821020891059,0.0002967233074512585,0.0,0.46237481681451886,0.1543042823566225,1.4279180893461685,1.0579061913196592,1.1977995519215447,2
1.0471936422541033,1.2945851266085397,1.3956623655558127,1.2932400944432583,2.504931185105432,2.3778355321631603,1.193751372866956,0.0002967233074512585,0.0,0.48407520026913775,2.2921871101228013,1.6577536691313328,0.6257917439427808,1.279537114820441,2
1.016380321235892,0.6469351741747362,1.6095287887057497,1.255075830204628,0.0018276902509465848,0.00036798744307344963,1.3771922306464437,0.3190132412498882,0.3190132412498882,0.1917530122379042,0.37756147255975814,0.5395461157720715,3.3244550546557377,0.2130991417345839,2
0.8468924816829406,1.3249668467971751,0.7507175228240888,0.8202168500128533,0.0018276902509465848,3.0651797705823585,0.8638376763300153,0.0002967233074512585,0.0,0.2261337178730095,3.8396739655428305,1.11070784731707,0.0,0.5987498043653207,2
0.903262916457944,1.4384828188088532,0.5629268820932538,0.40978003712418576,0.9999999999999999,1.7104547709119837,1.0234354575529427,0.00031991111349818853,0.0,0.7511812370026054,0.7139030683650078,1.0302466527395673,0.49039860749661185,3.8691256914529553,3
0.6184301954509577,2.9860407825867528,0.6630739249916112,0.6321695846038149,0.9999999999999999,0.001012994106223648,0.9418167452939468,0.2682247212782197,0.2682247212782197,0.8569849636788973,0.6528904106426504,1.125996461142084,0.6331281678700849,0.6981752592790735,3
0.624126991565257,1.5659085120655707,0.00016947810940127608,0.7784122250313165,0.9999999999999999,0.001012994106223648,0.9958367807895233,0.19050247503018597,0.19050247503018597,4.223194678866245,0.3761602058911948,0.7979370947589711,0.0,2.71192366889893,3
0.7339017486826686,1.4454613908488751,0.3795456432714035,0.8217063652948219,0.9999999999999999,0.001012994106223648,1.9262962391128444,0.18589279834349212,0.18589279834349212,1.3859283056702396,0.5708153695126662,1.019448020392603,10.79675200526761,0.6100961512598059,3
0.8875667518027461,3.0448373353893974,0.3794059816546017,1.6324711753886834,0.9999999999999999,3.853328280664136,0.6057742246858819,0.4133803041801017,0.4133803041801017,0.21909898178133405,1.446180980973185,1.1313167583540795,0.0,1.1423491377421555,3
1.3448206489155372,1.1922318302204513,1.9189925716142138,0.94964736237301,0.9999999999999999,0.001012994106223648,1.372562452363637,0.00031991111349818853,0.0,0.2242450580913457,0.03657126681831686,0.768618534973761,1.2517907731509943,0.2687603068336427,3
1.091491241218612,1.150542243793409,0.2582480722472069,0.812644643759095,0.9999999999999999,10.265900835382194,1.3604703830876275,0.00031991111349818853,0.0,0.15405206648391045,1.106017614319004,0.7657996712090906,0.0,0.2360743067407357,3
0.9504095870007294,2.7705778780374346,0.2620978961890735,0.9732556530179428,0.9999999999999999,0.001012994106223648,1.4275200562663137,0.00031991111349818853,0.0,0.2983823937244324,0.48633332139706253,0.8847032698473813,11.150478699979518,0.6201239807567219,3
0.6132644889536283,1.8571505971090954,0.792712101368305,0.8729663971308905,0.9999999999999999,0.001012994106223648,1.4618580704551998,0.00031991111349818853,0.0,0.46045136340791337,0.19807592273033986,0.8314230070731273,0.0,1.6583594565137822,3
1.1015883670192528,1.6446024925043297,0.00016947810940127608,1.112350533980531,0.9999999999999999,1.575567494391628,1.866798336914098,0.00031991111349818853,0.0,1.0701160039272635,0.5024734782617328,0.5415839785748283,4.514731602855101,0.6410902237863638,3
1.0078445065157242,1.55192909080053,0.06480532112702458,0.48203787573053775,0.9999999999999999,0.001012994106223648,1.5454246529180942,0.00031991111349818853,0.0,0.19833236697268997,0.33009553820791426,1.009952063528452,0.0,0.3632640467371793,3
0.7199635050047101,1.2205245184108175,0.00016947810940127608,0.3435607363510679,0.9999999999999999,0.001012994106223648,1.209620163070715,0.00031991111349818853,0.0,0.1703752017425626,0.15718373606759767,1.887604658478007,0.0,1.0902731980369729,3
0.6149538639174628,0.9985940515747099,1.5768915869415419,1.6573121778415352,0.9999999999999999,0.001012994106223648,0.9690975118912326,0.00031991111349818853,0.0,0.5863735762300086,5.032195904652396,1.0923219525626169,0.0,0.20380916038529,3
1.1996509776751039,0.855486780653213,0.00016947810940127608,0.6571827794948156,0.9999999999999999,0.001012994106223648,1.414960153732057,0.00031991111349818853,0.0,0.1335463277528048,0.8419059845841276,1.2565919914556165,0.0,0.6850908999160281,3
1.5894312051238901,1.0260913155133655,0.00016947810940127608,1.393971198743122,0.9999999999999999,4.164666359216251,0.38201020592468726,0.09547906532621042,0.09547906532621042,0.23513781388644472,0.5011325570056544,0.7155502747271981,1.0590245157105114,1.1643078556172397,3
1.43846048716963,0.8828236566627542,1.1207812212427457,0.8031134580003263,0.9999999999999999,0.001012994106223648,0.8953169444081376,0.00031991111349818853,0.0,0.08872163273117438,0.06419700612530312,0.545502977986723,0.0,1.2840803390210234,3
0.3139008445334083,4.4182287945819665,2.3122910478166223,0.8128173594607028,0.9999999999999999,0.001012994106223648,1.6786873026897915,0.00031991111349818853,0.0,0.055872380185175825,0.15750325669647078,0.9928751599986065,3.2275050047891725,2.044271748099561,3
0.7213574417910124,1.2814978369923478,2.0218822462210997,1.2034076588654923,0.9999999999999999,0.001012994106223648,1.543708980479843,0.022244789297705174,0.022244789297705174,0.1635427332627716,1.14665358195456,1.6341542589186062,0.43247524574168966,0.8535753992747193,3
0.9364144080332564,0.00013616002739207575,0.005269458053682313,0.4177225368821349,0.9999999999999999,0.3131138659280116,0.9104890021760379,0.21783873743927468,0.21783873743927468,4.541524166938695,0.25242150183231743,0.8880213088864574,0.6707457009552857,2.156675264845136,3
0.8540457956342979,0.9110529465595638,0.6508522709338245,0.7513562483580359,2608.577650429799,0.001012994106223648,1.5340853185215564,0.20033034884576925,0.20033034884576925,0.7451345834031037,0.9810021987471577,1.6309855443589005,0.0,0.6484667488785849,3
0.7192755505850477,0.14423661886216113,0.913441945006539,0.8176868879670759,0.9999999999999999,0.001012994106223648,0.7648808303425658,0.00031991111349818853,0.0,0.15021218939474548,0.5788287960683659,1.0351145768993557,0.0,0.6886961338715275,3
0.37651063382505084,5.384652367203386,0.9408333466876257,0.9560163507704401,0.9999999999999999,0.001012994106223648,0.6646140011156741,0.25672785158736816,0.25672785158736816,0.18233287626052183,0.3132669690761637,1.1354021737736748,0.0,1.0553315411439068,3
0.760640089401762,2.3218427092881164,3.036282103442658,1.8481988234731759,2.772604344731923,0.0003037240722961172,1.061690797155415,0.4178190280372486,0.4178190280372486,0.2804016908511687,0.7028124901216475,0.7287431496934323,6.69653993215182,0.5486423158452054,4
0.6650456499341886,0.7513765986758684,2.5059078481830297,1.3555015222760443,0.001329805445182351,0.0003037240722961172,1.1035228703466562,0.0002970563921305036,0.0,0.1310696320707493,0.853055052662576,1.2247923096307878,6.0284854904382605,0.3832974358355569,4
1.0744491595042054,0.2160708738028042,0.7896856898982298,1.087349839065248,0.001329805445182351,0.0003037240722961172,1.1546859254738253,0.4787467932064722,0.4787467932064722,0.13290094624738866,0.6446646850964999,1.0838818944276045,1.534762142359377,0.43694084423080937,4
0.8500159296905996,0.3083425038371041,1.2562397726799135,0.9089927805754786,0.001329805445182351,0.21979083870011074,1.4731663976231948,0.02769556018975196,0.02769556018975196,0.24685781900278736,0.7619677620896145,0.8100150797820307,0.0,0.5468640383234873,4
0.9047835471364216,0.6780072447599275,1.3811814600559689,0.5676393253766792,16.984900421151377,0.0003037240722961172,1.1580186278734312,0.4648665205461018,0.4648665205461018,2.2434153759677096,0.4493004462823739,1.5142260611202194,0.45830057496700444,0.47507134517035365,4
0.7575961642757421,0.9715183170468359,1.5989888723632235,1.5030878518099937,0.001329805445182351,0.0003037240722961172,1.1538342129230978,0.4711693009393025,0.4711693009393025,0.2456702259644021,0.5660968795454155,0.8801663242267397,2.4567478360114094,0.4658112820048373,4
0.899612685496549,0.42264300171014213,1.1299494206240295,1.63708439787618,0.001329805445182351,0.3677251743235653,0.8914114753612988,0.07547392399533094,0.07547392399533094,0.25570041190996795,1.1654756726323114,0.8139557869319505,0.7825491680284518,0.5217285917324874,4
0.6505024334879994,1.379818689944594,0.8916099268743092,0.39639799691926636,1.9946197680992335,0.2098115448187,1.7910520057813701,0.1458301606023454,0.1458301606023454,1.2744505894514455,3.5134651086821322,1.558746000007456,28.562308585294428,0.780555145113878,4
1.2456868108140067,0.6281219624977442,1.7138606164361816,1.8248535282350467,1.3366949042810163,0.802551698912824,1.0225558492636175,0.06582481683854834,0.06582481683854834,0.23202598236794533,3.0934521906918766,1.1711506862654188,2.5104787761673912,0.39404565136889086,4
0.8835507220082623,0.6241099193073072,0.8473169952427565,1.5447666555727395,0.7367678474605345,0.0003037240722961172,1.2908624655791272,0.19129565138772842,0.19129565138772842,0.2827298249449149,3.4065131379177975,0.8759051395956806,2.202807909531125,0.4714996076999162,4
1.0200485713593168,0.7050524911376874,0.9131646706012972,1.3703494220640007,0.001329805445182351,0.9207482278611606,0.9477572929463624,0.12859642504094349,0.12859642504094349,0.7681967348096057,2.0742695363245307,0.9074295761009629,0.9395233609809793,0.9248976198770237,4
1.4471396247060286,0.15708510120973196,0.5822945332890448,0.8910313438144923,5.682652274434637,4.294529408320065,0.9258592999165896,0.0002970563921305036,0.0,0.41365757557191674,5.772000756262258,1.4630450238863344,0.0,2.5628882810126936,4
1.106500867829889,1.0424446126875384,0.9149892416143665,0.9734037161358682,0.001329805445182351,1.027818795771475,0.7720557153890159,0.3564560946307855,0.3564560946307855,3.4521659721937596,1.4544261354376284,1.2625529828845485,0.0,0.7643081850553156,4
1.0404847618998554,0.7230230433576523,0.5471552579806105,1.6191807708870443,0.001329805445182351,0.5157171217911056,1.1761785024426568,0.02474121072871897,0.02474121072871897,0.20417411813510344,0.39146181079974873,0.8695520039605227,0.555119967817154,0.42958641780361345,4
1.6875720822205218,1.2961003369767528,1.1935464016735218,1.614170337420758,1.7192300155266496,0.7363519478989895,0.6346575644988449,0.45070407201983553,0.45070407201983553,0.5916463479898911,2.9542186504446435,1.6523232789675586,0.4573512640966435,1.5710701627462362,4
0.9697203683442416,0.17855652851339424,0.6384800793775235,0.4063952888606895,0.001329805445182351,0.6215834107007229,1.2835046409346846,0.3807273479924885,0.3807273479924885,0.13612852951347953,0.45172694133878893,0.7529858333741014,0.40475012416589007,0.5821723969913528,4
0.6929670703680303,0.8024072049666865,0.8778734569923791,1.1834168359026382,0.001329805445182351,0.0003037240722961172,1.7864235029636217,0.0002970563921305036,0.0,0.8083638802598332,0.5608835256907264,0.9959083306835916,11.601578907589706,1.0744769728339898,4
1.2900031395153981,0.21669888467673162,0.6591755655275695,1.5859029971272671,0.001329805445182351,0.2718137247210565,1.0904989504998535,0.43962475972191223,0.43962475972191223,0.2832267020486603,0.707246320009289,0.874752095453841,2.19556281239241,0.383880447125075,4
0.8305592296935611,0.9981731031682177,1.9448096073023589,1.7123349149409126,0.24323208485005976,0.4896931904126173,1.0677288611753892,0.38028414199551386,0.38028414199551386,0.4253396899206518,1.7925484752866994,1.1580712566757123,6.912272523932636,0.5989725638411545,4
0.7297312434675303,0.6013819708349304,1.4539382341420546,0.6616834550228915,0.001329805445182351,0.0003037240722961172,1.432726317047139,0.13663610212133895,0.13663610212133895,0.26182196762265647,0.4642745124309126,0.8848162229640225,0.8520494482404685,0.464694526093274,4
1.2430016286889691,0.9078293679355403,0.900985345528221,1.4649717681346148,1.0803728090401845,0.5418617595559192,1.2299786526805518,0.4338018432652128,0.4338018432652128,2.7167562414683935,0.2792133113992425,0.9574530342208513,0.0,0.47670969478940955,4
1.0298742912286618,0.08443350192478714,1.447437504273694,2.276650807577445,0.001329805445182351,0.0003037240722961172,1.0064060678486313,0.0869202248259659,0.0869202248259659,0.30040491964447724,0.590896227165141,0.7492882859351221,1.8656574560683044,0.4431487686582633,4
1.292332622665917,1.717377227210432,0.6042187744189027,0.31113195468732807,3.7453132090787453,0.09856455334692692,0.9110397868143201,0.4413103105580392,0.4413103105580392,0.9028502547713521,1.208413684217178,3.1865099256989526,0.967151005162624,1.5930419104612241,4
1.7079974674064213,4.988225552443936e-05,0.00011201120209018823,7.152339282574269e-05,0.0023538432692597356,11.343307745138253,0.6621875481800402,0.0003574089874482626,0.0,0.36920234687021736,0.5217367232701754,1.4275390802579715,0.0,1.0203403871224117,5
0.6793795355255156,2.6118902128209283,1.6293558666017767,1.8818577883860161,0.0023538432692597356,0.45421123752503073,0.774917871421138,0.0003574089874482626,0.0,0.45870750084469375,2.2979090175117323,1.1834538675585438,0.40835556123947453,0.34566249563571433,5
1.07147842237719,1.8831281828171362,2.0168722284705156,0.9795534424900348,0.0023538432692597356,0.0009891921389678592,0.7508326924893708,0.004702881229653495,0.004702881229653495,0.43272769730801897,0.2685476800421828,1.7398386784850095,0.17845756566817567,0.9066837848687184,5
1.0771912730360904,0.9633421696257821,0.8575701839289023,0.5787355293422195,0.8650765197651642,0.0009891921389678592,1.3807611645134368,0.0003574089874482626,0.0,1.236365373641787,0.7441310327965649,0.803700278638281,0.6644017748597537,0.4310453325938264,5
0.7636042600922591,1.0527255972907195,2.147446446908474,1.2049313589560713,0.0023538432692597356,11.139268868281054,0.8686061777318319,0.35908714126347535,0.35908714126347535,0.7277781586924267,1.7041068605682614,1.1831257543583953,0.8787552082900238,0.6454483474731253,5
1.4577537774253695,1.0942062802796737,1.1608313986363978,0.557271973969479,0.0023538432692597356,0.0009891921389678592,1.356434375152574,0.19143480064067778,0.19143480064067778,1.3762380267652399,0.8167410480621375,0.9535402325492954,1.4566591459042828,1.4398040399191925,5
1.4828658785459086,0.18796495744075262,0.02526542647490461,7.152339282574269e-05,0.0023538432692597356,0.0009891921389678592,1.3046078378904367,0.0003574089874482626,0.0,5.550080632894378,0.36770413735041346,0.5540260019746942,0.5559338119283427,1.2280588771146617,5
1.2070496785512321,1.5044701945173804,0.00011201120209018823,1.5263133221569245,0.0023538432692597356,0.0009891921389678592,0.5859593459135075,0.0003574089874482626,0.0,1.7934132953655841,3.416680380212068,1.64609485938376,2.347286021069845,0.5539462299495429,5
1.1013833786515617,0.04069513036835871,2.0821545395018983,1.1998777086608072,0.0023538432692597356,1.1747237694336419,1.1093829049278103,0.0003574089874482626,0.0,0.9675724677670295,1.7382682832734966,1.8288778578327274,0.27472623251376543,0.45512410129828124,5
1.427711320992034,1.3878823853945834,0.00011201120209018823,0.9196211225081086,0.0023538432692597356,1.45351014247894,1.0403997148706965,0.0003574089874482626,0.0,1.1516807510319935,1.6914649623264608,1.732377191516835,0.29951891903852695,1.160836389524231,5
1.1881505594850905,1.993228926098714,1.1147115083110202,0.028128121511290176,4.151722921847157,0.0009891921389678592,1.0269476745146482,0.2471575282319082,0.2471575282319082,3.2089385796171306,0.9860509433602513,1.1601411335299874,2.6815626663165433,0.5111978254977046,5
1.2222418911620785,0.981140830163667,0.799792655532462,1.0356366562846417,0.0023538432692597356,0.933751745966641,0.9380064495054402,0.310574156323426,0.310574156323426,0.39369587307954296,5.159714661226262,1.4400624439438503,0.3591310389165843,0.7517217076690597,5
1.264874857531948,0.7404215998846984,0.00011201120209018823,2.0514374779630713,0.0023538432692597356,3.9131434819260966,0.5995434687508803,0.0003574089874482626,0.0,2.7096550128369117,14.60657693653178,0.926112885067111,1.2605600017275815,1.3826529118907531,5
1.2484421758990187,0.959614321453469,1.037314752492429,0.5689070265270502,0.0023538432692597356,6.950225526989673,0.9761101008687684,0.0003574089874482626,0.0,0.5212301951010951,0.3946802616800446,1.2062311738987732,0.35736440291673316,1.667236674001951,5
0.6416828912774563,0.8844905012008718,2.860465179598079,1.0110787202224596,1.4953898844241225,0.0009891921389678592,1.3624324964775658,0.0003574089874482626,0.0,2.0535065963507595,0.390295124808201,1.4072009529331648,1.5471780726434323,1.4907823431470384,5
1.3765051095461927,1.204074020544186,1.6649416650313276,1.2025653282325397,0.0023538432692597356,4.0766580762420555,1.0399681204913347,0.1613666731076488,0.1613666731076488,3.1833426564384397,3.812528436254465,1.336557037221789,5.789015143215068,2.08107007705184,5
1.4517893614599173,1.8344786621850953,0.00011201120209018823,2.0569272979917197,0.0023538432692597356,2.6121469267459925,0.48172692103912673,0.0003574089874482626,0.0,0.6188048857589851,3.0638797124892103,1.9533699191509122,0.35253635269283295,0.45568424389216833,5
1.0134500819831902,0.19235566789514522,0.9952829179994395,0.15937975697060433,0.0023538432692597356,0.0009891921389678592,0.8428677393694838,0.35075962654197684,0.35075962654197684,0.4671082459356271,0.5063137830102853,1.8634299753679613,0.0,0.5090163213271676,5
1.0329312864612203,0.568058925811577,1.0046242029251569,1.1406451907690875,0.0023538432692597356,8.148538836294339,0.961055126875797,0.0003574089874482626,0.0,0.5801436751385647,0.3079989147699777,1.0242579803076435,0.0,1.0363664793468153,5
0.8245453309869908,0.8611408889551696,1.764657278716945,1.401606937881137,1.7518347013002118,0.0009891921389678592,1.1877198162230116,0.0003574089874482626,0.0,0.11202602267679991,0.5225244420935432,1.0572267068924104,0.07372636952245001,1.8369582592486926,5
1.518585790653576,0.6727455005330079,0.13032230556540747,1.001612588935068,0.0023538432692597356,1.892488671372295,0.8383967856046655,0.0003574089874482626,0.0,0.6758106976227101,0.46339178957978644,1.314231157316666,0.0,0.7277892307921286,5
1.0916396269705095,0.6600830972153223,0.05050187125482715,1.853316163293911,0.0023538432692597356,2.2395990272975466,0.3537208942680223,0.0003574089874482626,0.0,3.668456910295075,4.124362136137546,1.115116061278441,0.0,0.2979467837274115,5
1.4057597996007252,1.3170592588498766,0.24605301774769717,1.7059578696464157,0.0023538432692597356,4.229862964293598,0.5643840045202431,0.0003574089874482626,0.0,0.36929878618228607,2.205361940196688,1.1236518756560578,0.0,0.445444793897672,5
0.9553293561990898,0.6734306883403389,1.4070665228484678,1.8983515746230442,0.0023538432692597356,0.0009891921389678592,0.8283969082153514,0.17376835733029755,0.17376835733029755,3.6003783093135393,0.35873323806904694,1.900346555067848,0.3896129178029391,1.7423791822408643,5
0.7775584020009005,0.6742228442853049,0.00011201120209018823,0.47376976543680743,0.0023538432692597356,0.0009891921389678592,0.644353998309022,0.0003574089874482626,0.0,0.3708029567957896,0.21188922033111995,0.7074980802278181,0.24173353500217007,0.3427491689159666,5
1.3298245962329105,0.7717536593762011,0.4333634776363618,1.4970740263307316,0.0023538432692597356,3.094879776465882,0.4565929749449195,0.024088654397068036,0.024088654397068036,0.3370352316818369,1.7668620465013036,0.6127020652446368,0.07692445910925785,0.6762138429191098,5
0.8797493150144763,0.5617002960586508,0.00011201120209018823,1.2719424044592453,0.0023538432692597356,12.544908346829095,0.6810969744761312,0.0003574089874482626,0.0,0.6928474031258846,1.0053343243457324,2.375089747568038,0.07751352651813302,0.47393676984457744,5
1.1067655247189805,1.4491157698044506,0.7190238490125515,0.42955804127227326,0.0023538432692597356,1.195090073486804,0.7932068802141519,0.2488554405685819,0.2488554405685819,1.9797229551229258,1.0112345178611521,3.1638944745079933,0.0,0.7326076085145673,5
1.008883575515482,0.47894333298511316,1.3683420678326685,1.638947070068948,4.860905548460469,0.0009891921389678592,0.9747349596292219,0.0003574089874482626,0.0,0.31794005526052566,1.01800523739897,1.2380850110886215,0.12601981954284913,0.31006928919254134,5
1.090869355149232,0.27830055017690114,0.00011201120209018823,0.7518249066447092,0.0023538432692597356,13.366035607641745,0.7352130859351383,0.359724954430126,0.359724954430126,3.417153885979947,0.46687654367621595,0.88371333641778,0.3390943479267649,0.7916239774221948,5
1.1145937567623645,0.999817561327881,2.024561974015958,1.0048256492714593,0.0023538432692597356,0.0009891921389678592,0.709285721886087,0.3430700152293367,0.3430700152293367,2.918897471030267,0.4490834382445555,0.9959698638854665,0.16205634128310592,0.4305267467239473,5
1.1734710127854984,1.0635390983705453,0.858356380606954,1.506190410276586,0.0023538432692597356,0.0009891921389678592,1.2640773504179965,0.0003574089874482626,0.0,0.7913241416047417,1.853401976511629,1.4032071363931256,0.22292535314843798,1.1677641418622464,5
0.8191684506812376,0.8345802458659533,1.703652832758398,1.0781053410203463,2.950103468685192,0.0009891921389678592,1.4374846742227456,0.024532149612112832,0.024532149612112832,0.3153672191828101,0.31712571899078107,0.6986272459651244,3.7066712332394745,1.4104239037754338,5
1.1615564811663048,0.9223554496027088,0.00011201120209018823,0.31951100141729094,9.412592979057314,0.0009891921389678592,0.670140235685948,0.0003574089874482626,0.0,1.4903171036674014,1.3487507346497036,1.21723507781915,0.17240035613198978,0.10749675247107468,5
1.317633156181953,0.28905582194182533,0.2115873313390478,0.40076924035183803,0.0023538432692597356,0.0009891921389678592,0.9534914654470847,0.023203988896816626,0.023203988896816626,0.7275721151242343,0.11883697402659932,1.2657685714428424,0.08114761555774386,0.8857189821715609,5
1.2007804282227816,0.9915069917496808,0.3286807929886009,0.7350814853222912,0.0023538432692597356,2.748952199565247,0.8808130707742569,0.015194656645155203,0.015194656645155203,1.0105814006950995,19.542644224432735,1.175604204395842,0.4726066458004332,0.29332015751623747,5
1.2136730526694421,1.0823242698421127,0.9327584896569986,1.3112895542088048,0.0023538432692597356,6.969530362687409,1.1184861906578403,0.0003574089874482626,0.0,1.4903861888542826,1.6644789057251668,0.862469412143458,2.641486325378807,0.8593591828594631,5
1.5486237456249872,1.048412983295979,0.8874778809747892,0.9589409540104944,0.0023538432692597356,0.0009891921389678592,0.6293485995351104,0.0003574089874482626,0.0,0.5753130887106527,0.5625943824700932,1.018310885522245,1.094369506795438,0.1913296163227196,5
0.6569559720719577,0.7909260972413028,0.00011201120209018823,0.8233614155081048,0.0023538432692597356,0.0009891921389678592,0.8109157834205091,0.0003574089874482626,0.0,0.1311724211524837,0.1960907974096953,1.318337258387417,0.0,0.2546269738383548,5
1.105392257299101,0.7153141169442411,1.3546019842497383,7.152339282574269e-05,0.5325708659700209,0.0009891921389678592,1.2874007101192741,0.0003574089874482626,0.0,1.0509731966567193,1.333194217677776,1.606081019365883,0.3498489797918677,1.7773722454758414,5
1.1920713855314073,0.7545923625691475,0.7697821906157748,1.1284079481327796,0.6003709944759248,17.22676012585069,0.6396922727237078,0.0003574089874482626,0.0,0.45098708642179747,4.42852208729522,0.6154267074251195,0.12828555490648502,0.7807377920545222,5
0.6755358773978998,1.8996659085514045,4.623800276801756,1.1045636884693835,7.412679384064939,0.0009891921389678592,1.0660741912238754,0.0003574089874482626,0.0,0.5665779921424599,0.18566664611178876,0.7501302477519841,0.7858879316625897,0.43007024319399223,5
0.6214095770896801,1.088242063375228,0.7104660006034592,1.8635742163422107,0.0023538432692597356,2.941058981675665,1.272956382173751,0.0003574089874482626,0.0,0.3111497058737318,0.9275463907152948,0.9057315757715995,0.19398078876381392,2.620104234646232,5
1.1770553782726272,0.7155424747655919,1.0603629027792534,1.4973941806123143,0.0023538432692597356,9.737977300166184,0.6409204178910162,0.0003574089874482626,0.0,0.23892326490707347,3.1159942463141395,1.062443141800316,0.2827055411554941,0.03818978769664186,5
0.3576301545045324,0.9948553059927117,2.3344432433363864,1.2925641151527605,3.09744866171158,0.0009891921389678592,1.0200982663995488,0.35235280983002315,0.35235280983002315,0.31333537184398497,0.18673177811815295,0.8082820947020446,0.3214197227101556,0.3662932861667958,5
0.8401105745818845,0.810930496805421,0.7625578532197613,0.5180550828688593,1.5425018213995751,0.0009891921389678592,0.9782504505793779,0.05449421555245725,0.05449421555245725,0.3311567264102052,0.1665320678735579,1.2795311113253776,0.6803936834446787,0.5329502563421562,5
0.7312829411953072,0.6830263620327837,1.0271251030667548,0.9220693334050586,0.0023538432692597356,7.8523891651306545,1.0431307481416363,0.4057104664506694,0.4057104664506694,1.0701366023939825,1.6516766778356493,0.7470682788765233,0.0,0.24766504669086664,5
1.4417932538174087,0.7225695839141852,0.20326830108317992,0.6111229816122311,1.9939210742338167,9.08899498078681,0.6442883160388193,0.43821458347544695,0.43821458347544695,1.9756700455402092,1.2165707472158842,1.384846659881701,0.16405801736057415,0.25873070512895424,5
1.6247260091031368,1.1377315640287344,0.00011201120209018823,0.5334831910465929,0.0023538432692597356,2.917305899150146,0.771712899242463,0.2758122922888609,0.2758122922888609,0.9451499546923772,0.1802710533611628,1.0668714548101146,0.8803598745856068,0.5240119009228708,5
0.6757586365107559,2.080070488375479,3.5290856886997624,0.5631448847666347,0.0023538432692597356,1.1893510584639326,0.6737986201888034,0.37104479455070505,0.37104479455070505,0.33711076241781723,0.272038250845584,1.2386859418759775,0.30359545090834616,0.5800968304082026,5
0.959941283155558,1.3252634605926576,1.0046427858724378,0.9137436210977744,0.6194978257862219,0.0009891921389678592,1.3848902432040286,0.0003574089874482626,0.0,0.7412179760423195,0.3598695919649364,1.5655197211283685,0.5833053713872338,1.025801854750604,5
0.9620474086066239,0.6980632893496216,0.5409026084119242,0.7099270564602277,0.0023538432692597356,0.0009891921389678592,1.2138130619200407,0.03586278034579366,0.03586278034579366,1.5636457452315393,2.4454027609964584,1.1951610218355189,0.6828216424336805,1.3742128986890025,5
1.2175160308338402,1.1485092041976401,0.00011201120209018823,0.9388584764149822,0.0023538432692597356,13.956063492719347,0.6433164058503704,0.0003574089874482626,0.0,1.254900510945804,2.5469803642889715,1.0639909569070325,0.3409424982992434,0.4891815866090312,5
1.158674717982675,1.2144775866753879,2.02945070132644,2.69932057336688,6.3133860166572076,0.0009891921389678592,0.4046762428583363,0.0003574089874482626,0.0,0.49495255870639365,1.2681389150099245,1.8456892199066552,0.0,0.838043406121836,5
1.0415211563743225,0.8113608563222807,0.3689990807539128,1.4462106061395945,11.715233075447234,0.0009891921389678592,1.358493956509769,0.1653108172001109,0.1653108172001109,1.078452325789429,0.4847563461850663,1.1241972695904126,0.5606970179587818,1.3271182043228933,5
1.1034823249560928,1.478381446141171,1.478801449397853,1.300871690439228,0.6723918539786846,8.704784534363547,0.8420921673746321,0.3070260552785452,0.3070260552785452,0.8033398596140786,1.2194966177361612,1.2351703488145136,3.055254359049588,0.6187323778487303,5
1.0135459831521003,0.8037853568069363,0.7534236766857597,1.0058399698458196,5.864379959014201,0.0009891921389678592,1.2292609966794015,0.2536707811677797,0.2536707811677797,2.0935009213347406,1.460936396145119,1.9196769103924485,0.4066663387001553,0.6394581835374704,5
1.0925693896991675,0.954195865020354,0.6235252805636782,1.2257044984030503,0.0023538432692597356,0.0009891921389678592,0.9396959183329027,0.0003574089874482626,0.0,0.8376411163028157,1.3268091682325482,1.3372984586153898,1.2751385207069865,0.6463980286144791,5
1.1479716541636589,0.8422936147901198,1.2083355420122488,1.1421877392661077,3.676710605573955,0.018876847121850837,0.8965700697754438,0.03655077767915234,0.03655077767915234,2.6670225712801456,1.651392076679179,0.775082064887114,0.9819789206536693,0.41178459767079717,5
0.9320373690243824,0.6766521101293451,0.00011201120209018823,0.6212131493785751,0.0023538432692597356,15.451627055730855,0.5154796779395409,0.08919649687195919,0.08919649687195919,1.2871449546610412,1.1389512947503222,0.9725669813496628,0.11889960836940319,0.9442954612266111,5
1.712707909964018,0.25627569057748506,0.6498473353466667,0.5851816724662315,0.15728663995730258,2.888205226915198,0.6395669034561734,0.026369955765316224,0.026369955765316224,1.4527090413505659,0.9019747888142422,0.9440032640876821,0.5229639780251365,0.4373850400902916,5
1.4775901546286654,0.6194972504360008,0.00011201120209018823,0.7405537216629609,0.0023538432692597356,0.0009891921389678592,1.2584947117592702,0.18028488812736015,0.18028488812736015,0.9243068627937305,0.8387670410700323,0.8403950408007497,1.1675460385094576,0.5184881319420575,5
